<?xml version="1.0" encoding="UTF-8" standalone="yes"?>
<ns2:ExportManifest xmlns:ns2="http://www.pentaho.com/schema/">
    <ExportManifestInformation exportDate="10-01-2017 08:09:37 GMT+01:00" exportBy="david" rootFolder="/home/david/" manifestVersion="2"/>
    <ExportManifestEntity path="DashboardMII.xdash">
        <ExportManifestProperty>
            <EntityMetaData name="DashboardMII.xdash" createdDate="2017-01-10T19:41:16.564+01:00" isFolder="false" path="DashboardMII.xdash" isHidden="false" locale="es_ES" description="DashboardMII.xdash" title="DashboardMII"/>
        </ExportManifestProperty>
        <ExportManifestProperty>
            <EntityAcl>
                <entriesInheriting>true</entriesInheriting>
                <owner>david</owner>
                <ownerType>USER</ownerType>
            </EntityAcl>
        </ExportManifestProperty>
    </ExportManifestEntity>
</ns2:ExportManifest>
